{
  "sklearn_slope": 41819.3269759838,
  "sklearn_intercept": 44794.96555604317,
  "bgd_slope_eta_0_01": 41821.150525637764,
  "bgd_intercept_eta_0_01": 44955.75740715142
}